City_ID,City,Lat,Lng,Max Temp,Humidity,Cloudiness,Wind Speed,Country,Date
0,port mathurin,-19.6833,63.4167,24.47,81,9,4.24,MU,1699214875
1,nuku'alofa,-21.1333,-175.2,26.19,83,40,7.2,TO,1699214875
2,west island,-12.1568,96.8225,24.99,88,75,6.17,CC,1699214595
3,blackmans bay,-43.0167,147.3167,10.07,91,23,0.45,AU,1699214875
4,waitangi,-43.9535,-176.5597,12.12,90,100,2.24,NZ,1699214875
5,puerto natales,-51.7236,-72.4875,12.25,43,75,8.23,CL,1699214876
6,kiunga,-6.1219,141.2906,22.39,100,84,0.64,PG,1699214876
7,atafu village,-8.5421,-172.5159,28.81,74,64,4.31,TK,1699214876
8,praia da vitoria,38.7333,-27.0667,14.31,80,37,5.99,PT,1699214876
9,jinchang,38.4953,102.1739,2.11,14,0,1.42,CN,1699214876
10,cooper's town,26.8667,-77.5167,24.55,81,8,7.49,BS,1699214877
11,edinburgh of the seven seas,-37.0676,-12.3116,13.14,69,98,3.24,SH,1699214877
12,timbo,-26.8233,-49.2717,23.28,61,0,2.64,BR,1699214877
13,labrador city,52.9463,-66.9114,-7.05,68,75,8.75,CA,1699214877
14,abong mbang,3.9833,13.1833,20.32,97,66,0.35,CM,1699214877
15,adamstown,-25.066,-130.1015,22.74,75,100,7.29,PN,1699214877
16,grytviken,-54.2811,-36.5092,0.52,86,75,2.94,GS,1699214877
17,udachny,66.4167,112.4,-11.06,86,100,3.85,RU,1699214878
18,tiksi,71.6872,128.8694,-24.0,99,95,2.1,RU,1699214878
19,albany,42.6001,-73.9662,13.58,53,30,1.79,US,1699214634
20,howrah,22.5892,88.3103,26.0,78,40,0.0,IN,1699214878
21,tual,-5.6667,132.75,27.34,79,99,6.18,ID,1699214842
22,georgetown,5.4112,100.3354,25.96,92,20,1.03,MY,1699214580
23,enewetak,11.3474,162.3373,28.37,74,100,8.49,MH,1699214878
24,veinticinco de mayo,-35.4323,-60.1727,25.55,43,9,3.13,AR,1699214879
25,ambon,-3.6954,128.1814,26.16,15,20,3.09,ID,1699214879
26,walvis bay,-22.9575,14.5053,15.05,83,2,4.55,NA,1699214879
27,bredasdorp,-34.5322,20.0403,15.3,89,10,0.77,ZA,1699214879
28,nyurba,63.2842,118.3319,-14.05,94,100,1.66,RU,1699214879
29,tabas,33.5959,56.9244,17.12,63,88,1.03,IR,1699214879
30,ilulissat,69.2167,-51.1,-4.99,39,40,7.2,GL,1699214879
31,bethel,41.3712,-73.414,17.64,52,75,3.6,US,1699214880
32,ust-nera,64.5667,143.2,-20.73,99,99,1.81,RU,1699214880
33,iqaluit,63.7506,-68.5145,-3.15,63,100,8.23,CA,1699214644
34,port lincoln,-34.7333,135.8667,12.61,86,1,3.39,AU,1699214880
35,constantia,44.1833,28.65,13.38,66,2,6.52,RO,1699214880
36,mount isa,-20.7333,139.5,21.87,15,11,3.09,AU,1699214880
37,labuan,5.2767,115.2417,27.22,82,78,2.6,MY,1699214881
38,port-aux-francais,-49.35,70.2167,3.31,75,94,10.64,TF,1699214881
39,tosya,41.0155,34.0401,15.62,60,100,2.84,TR,1699214881
40,thunder bay,48.4001,-89.3168,2.95,65,100,3.09,CA,1699214799
41,hermanus,-34.4187,19.2345,16.62,84,92,3.06,ZA,1699214881
42,tionk essil,12.7856,-16.5217,27.13,75,55,3.11,SN,1699214881
43,nar'yan-mar,67.6713,53.087,-7.72,87,100,5.36,RU,1699214882
44,iskateley,67.6803,53.1512,-7.77,87,100,5.36,RU,1699214882
45,tazacorte,28.629,-17.9293,22.3,87,75,7.72,ES,1699214882
46,olonkinbyen,70.9221,-8.7187,-1.81,70,100,11.79,SJ,1699214882
47,novyy urengoy,66.0833,76.6333,-10.04,95,55,4.59,RU,1699214882
48,tateyama,34.9833,139.8667,19.5,73,47,6.23,JP,1699214882
49,hami,42.8,93.45,1.8,16,91,2.87,CN,1699214883
50,taikang,46.8333,124.4167,-6.09,67,100,10.23,CN,1699214883
51,polyarnyy,69.1989,33.4478,0.51,98,100,5.56,RU,1699214883
52,conde,-7.2597,-34.9075,27.7,74,40,4.12,BR,1699214659
53,lazaro cardenas,17.9583,-102.2,29.58,72,100,4.11,MX,1699214883
54,nouadhibou,20.931,-17.0347,21.35,77,0,9.38,MR,1699214883
55,tofol,5.3248,163.0078,28.45,73,100,2.22,FM,1699214884
56,sao joao da barra,-21.6403,-41.0511,25.05,69,59,7.86,BR,1699214884
57,ushuaia,-54.8,-68.3,14.81,36,40,7.2,AR,1699214884
58,port elizabeth,-33.918,25.5701,16.29,93,20,1.03,ZA,1699214606
59,springfield,37.2153,-93.2982,21.41,62,20,3.09,US,1699214670
60,daru,-9.0763,143.2092,25.25,86,100,5.66,PG,1699214884
61,margaret river,-33.95,115.0667,16.06,88,45,6.2,AU,1699214884
62,ancud,-41.8697,-73.8203,9.0,96,100,3.58,CL,1699214885
63,road town,18.4167,-64.6167,29.02,74,20,3.6,VG,1699214657
64,champerico,14.3,-91.9167,30.3,71,94,2.62,GT,1699214885
65,taitung city,22.7583,121.1444,24.91,78,13,1.26,TW,1699214885
66,invercargill,-46.4,168.35,10.57,83,65,1.34,NZ,1699214885
67,mount gambier,-37.8333,140.7667,12.0,73,88,2.1,AU,1699214885
68,krasnovishersk,60.4078,57.082,-1.97,83,100,3.59,RU,1699214885
69,inongo,-1.95,18.2667,23.32,88,96,1.36,CD,1699214886
70,aasiaat,68.7098,-52.8699,-16.8,84,48,3.85,GL,1699214886
71,tralee,52.2704,-9.7026,9.01,77,31,6.57,IE,1699214886
72,santa ana,33.7456,-117.8678,32.45,39,20,3.09,US,1699214872
73,mogadishu,2.0371,45.3438,27.51,77,97,3.88,SO,1699214603
74,faya-largeau,17.9257,19.1043,26.88,16,0,5.5,TD,1699214886
75,lebu,-37.6167,-73.65,14.19,74,100,6.27,CL,1699214887
76,batesville,35.7698,-91.641,23.23,49,0,2.57,US,1699214687
77,slavutych,51.5196,30.7343,9.0,83,100,4.02,UA,1699214887
78,barah,13.7,30.3667,29.69,21,12,3.09,SD,1699214887
79,san andres,12.5847,-81.7006,31.01,70,40,3.09,CO,1699214872
80,sitka,57.0531,-135.33,7.94,87,100,1.54,US,1699214864
81,mariinskiy posad,56.115,47.718,2.52,87,100,5.53,RU,1699214887
82,kingston,17.997,-76.7936,32.91,65,20,7.72,JM,1699214853
83,puerto ayora,-0.7393,-90.3518,28.98,82,44,4.92,EC,1699214888
84,jamestown,42.097,-79.2353,11.96,52,75,3.6,US,1699214262
85,whitehorse,60.7161,-135.0538,-1.66,88,100,4.92,CA,1699214888
86,keflavik,64.0049,-22.5624,3.24,75,0,10.29,IS,1699214888
87,borogontsy,62.6683,131.1683,-19.66,99,100,0.55,RU,1699214888
88,kerikeri,-35.2268,173.9474,16.06,80,15,1.34,NZ,1699214888
89,kourou,5.1552,-52.6478,28.03,74,29,5.23,GF,1699214888
90,stanley,54.868,-1.6985,5.43,93,0,2.57,GB,1699214889
91,iwamizawa,43.2003,141.7597,8.93,68,100,1.8,JP,1699214889
92,aginskoye,51.1,114.53,-16.58,84,3,0.69,RU,1699214889
93,reyes,-14.3167,-67.3833,37.58,27,100,2.75,BO,1699214889
94,bilibino,68.0546,166.4372,-15.99,95,99,2.18,RU,1699214620
95,ebon,4.582,168.6964,28.58,76,24,3.9,MH,1699214889
96,houlton,46.1262,-67.8403,7.23,48,75,5.66,US,1699214642
97,rustaq,23.3908,57.4244,26.03,56,23,0.82,OM,1699214890
98,kapit,2.0167,112.9333,23.64,99,100,0.05,MY,1699214890
99,ulladulla,-35.35,150.4667,10.98,88,63,1.33,AU,1699214890
100,sogndal,61.2283,7.1003,6.21,65,20,2.57,NO,1699214890
101,pangai,-19.8,-174.35,24.22,82,62,7.69,TO,1699214890
102,anadyr,64.75,177.4833,-8.72,85,75,7.0,RU,1699214891
103,afaahiti,-17.75,-149.2833,27.93,85,47,4.55,PF,1699214891
104,yellowknife,62.456,-114.3525,-5.33,95,100,6.71,CA,1699214891
105,fortuna,40.5982,-124.1573,19.81,75,75,5.14,US,1699214891
106,campbell river,50.0163,-125.2446,11.36,100,100,3.6,CA,1699214891
107,thompson,55.7435,-97.8558,-4.57,65,100,3.55,CA,1699214891
108,lihue,21.9789,-159.3672,28.58,68,75,6.17,US,1699214677
109,aqadyr,48.2553,72.8483,2.33,82,52,3.2,KZ,1699214892
110,north bend,43.4065,-124.2243,17.95,77,75,3.6,US,1699214860
111,cromwell,41.5951,-72.6454,17.31,51,75,5.66,US,1699214708
112,st. john's,47.5649,-52.7093,9.32,97,100,3.6,CA,1699214892
113,francistown,-21.17,27.5079,27.16,32,19,4.56,BW,1699214892
114,lumberton,34.6182,-79.0086,24.99,22,0,4.63,US,1699214892
115,alofi,-19.0595,-169.9187,26.94,57,40,6.69,NU,1699214893
116,hawaiian paradise park,19.5933,-154.9731,26.04,78,100,3.09,US,1699214856
117,porto novo,6.4965,2.6036,26.86,81,87,2.9,BJ,1699214893
118,sisimiut,66.9395,-53.6735,-6.05,52,100,5.49,GL,1699214893
119,pottsville,40.6857,-76.1955,18.2,53,17,1.79,US,1699214893
120,qaqortoq,60.7167,-46.0333,0.0,74,100,1.04,GL,1699214893
121,thinadhoo,0.5333,72.9333,27.2,81,100,6.88,MV,1699214894
122,envira,-7.3,-70.2167,28.55,68,98,0.97,BR,1699214894
123,saipan,15.1355,145.701,27.39,78,0,4.63,MP,1699214894
124,kodiak,57.79,-152.4072,-0.27,51,40,3.09,US,1699214894
125,manokwari,-0.8667,134.0833,25.67,81,64,1.87,ID,1699214894
126,talnakh,69.4865,88.3972,-10.25,96,100,2.43,RU,1699214895
127,hovd,48.0056,91.6419,-1.34,42,0,1.95,MN,1699214895
128,hohhot,40.8106,111.6522,-5.13,58,69,5.73,CN,1699214895
129,saint-pryve-saint-mesmin,47.8818,1.8695,10.64,90,0,6.69,FR,1699214895
130,longyearbyen,78.2186,15.6401,-12.09,56,0,2.57,SJ,1699214895
131,ulety,51.3572,112.4849,-12.45,70,13,0.98,RU,1699214895
132,cabo san lucas,22.8909,-109.9124,29.78,62,100,1.34,MX,1699214592
133,codrington,-38.2667,141.9667,10.93,86,98,3.19,AU,1699214896
134,sur,22.5667,59.5289,25.72,73,0,5.52,OM,1699214896
135,harbin,45.75,126.65,-3.12,84,100,9.31,CN,1699214896
136,arar,30.9753,41.0381,20.01,45,0,3.09,SA,1699214896
137,aleg,17.0481,-13.9209,33.19,11,0,4.38,MR,1699214896
138,nizhnyaya omka,55.4338,74.9426,-6.08,96,6,2.99,RU,1699214897
139,sola,-13.8833,167.55,26.35,85,100,8.31,VU,1699214897
140,cabedelo,-6.9811,-34.8339,28.37,68,83,5.44,BR,1699214753
141,cole harbour,44.6724,-63.4751,11.09,79,90,1.34,CA,1699214897
142,bardowick,53.3,10.3833,10.81,96,100,5.81,DE,1699214897
143,motueka,-41.1333,173.0167,13.39,84,92,2.07,NZ,1699214725
144,nemuro,43.3236,145.575,10.4,85,52,5.48,JP,1699214898
145,dudinka,69.4058,86.1778,-14.07,97,100,2.68,RU,1699214898
146,port macquarie,-31.4333,152.9167,15.5,80,99,3.0,AU,1699214898
147,fuglafjordur,62.244,-6.814,8.26,88,92,3.74,FO,1699214898
148,papatowai,-46.5619,169.4708,9.95,60,50,0.22,NZ,1699214898
149,moires,35.0532,24.8744,21.73,72,0,1.79,GR,1699214898
150,tarikere,13.7167,75.8167,22.19,89,100,1.5,IN,1699214899
151,iwaki,37.05,140.8833,15.63,95,61,2.16,JP,1699214899
152,savelugu,9.6244,-0.8253,31.07,37,34,2.17,GH,1699214899
153,hithadhoo,-0.6,73.0833,27.02,79,100,6.69,MV,1699214899
154,idri,27.5,13.2667,22.78,18,0,1.94,LY,1699214899
155,petropavlovsk-kamchatsky,53.0452,158.6483,0.81,79,75,5.36,RU,1699214899
156,uturoa,-16.7333,-151.4333,25.34,83,56,5.57,PF,1699214900
157,quellon,-43.1167,-73.6167,7.36,94,100,3.12,CL,1699214900
158,wabrzezno,53.2799,18.9477,9.45,88,100,4.8,PL,1699214900
159,tlahualilo de zaragoza,26.1167,-103.45,24.42,32,100,0.64,MX,1699214900
160,remire-montjoly,4.9167,-52.2667,28.02,78,20,2.06,GF,1699214900
161,upper hutt,-41.1383,175.0502,15.24,97,100,3.84,NZ,1699214684
162,kuju,23.7167,85.5,17.85,53,7,1.51,IN,1699214900
163,itoman,26.1247,127.6694,25.43,90,40,1.54,JP,1699214901
164,howard springs,-12.497,131.047,27.95,79,56,1.06,AU,1699214901
165,belle glade,26.6845,-80.6676,27.79,58,100,5.27,US,1699214868
166,vilyuchinsk,52.9306,158.4028,1.63,73,56,3.09,RU,1699214901
167,ribeira grande,38.5167,-28.7,14.32,72,40,4.02,PT,1699214901
168,isafjordur,66.0755,-23.124,-1.53,88,100,12.08,IS,1699214901
169,viedma,-40.8135,-62.9967,27.43,23,100,3.7,AR,1699214902
170,phek,25.6667,94.5,8.05,99,18,0.69,IN,1699214902
171,neryungri,56.6709,124.6491,-27.53,96,23,1.19,RU,1699214902
172,la'ie,21.6477,-157.9253,28.98,65,13,3.58,US,1699214902
173,avarua,-21.2078,-159.775,24.03,57,40,5.66,CK,1699214902
174,puerto ayacucho,5.6639,-67.6236,31.73,65,90,0.99,VE,1699214902
175,bonthe,7.5264,-12.505,26.67,83,57,2.1,SL,1699214902
176,shemysheyka,52.892,45.3928,7.24,76,100,6.75,RU,1699214903
177,tolanaro,-25.0319,46.9987,22.07,86,100,7.73,MG,1699214903
178,tarawa,1.419,172.984,29.05,79,20,1.03,KI,1699214903
179,gadzhiyevo,69.2551,33.3362,0.52,98,100,6.12,RU,1699214903
180,ilheus,-14.7889,-39.0494,26.57,85,100,3.3,BR,1699214903
181,al hudaydah,14.7978,42.9545,28.8,68,16,5.87,YE,1699214903
182,coquimbo,-29.9533,-71.3436,16.84,68,0,4.5,CL,1699214904
183,masterton,-40.9597,175.6575,14.94,92,98,1.68,NZ,1699214689
184,dunkirk,51.05,2.3667,10.61,42,7,0.45,FR,1699214904
185,coyhaique,-45.5752,-72.0662,13.97,38,20,4.63,CL,1699214904
186,san bartolo,19.1833,-100.05,20.87,46,89,3.16,MX,1699214904
187,golyshmanovo,56.3979,68.3728,-3.18,92,94,3.1,RU,1699214904
188,colonia,50.9333,6.95,11.65,77,75,5.14,DE,1699214828
189,akureyri,65.6835,-18.0878,0.96,86,100,6.69,IS,1699214643
190,kuanda,56.3161,116.0806,-17.85,84,82,1.01,RU,1699214905
191,tura,25.5198,90.2201,17.64,88,0,1.92,IN,1699214905
192,vorgashor,67.5833,63.95,-11.15,98,94,2.66,RU,1699214906
193,juan griego,11.0817,-63.9655,29.94,69,100,5.12,VE,1699214906
194,tubarjal,30.4999,38.216,24.63,38,6,2.91,SA,1699214906
195,luderitz,-26.6481,15.1594,15.26,85,0,5.84,NA,1699214906
196,wailua homesteads,22.0669,-159.378,28.24,70,75,6.17,US,1699214906
197,punta arenas,-53.15,-70.9167,13.06,35,0,14.92,CL,1699214774
198,tadine,-21.55,167.8833,21.46,69,98,5.57,NC,1699214780
199,port douglas,-16.4833,145.4667,23.58,80,97,3.12,AU,1699214907
200,gebeit,21.0667,36.3167,25.8,56,38,4.05,SD,1699214907
201,san antonio de pale,-1.4014,5.6325,26.29,83,24,5.06,GQ,1699214907
202,fort morgan,40.2503,-103.8,23.68,21,100,3.09,US,1699214907
203,pisco,-13.7,-76.2167,23.03,64,0,9.77,PE,1699214907
204,boa vista,2.8197,-60.6733,32.99,52,40,4.63,BR,1699214875
205,geraldton,-28.7667,114.6,20.23,73,100,3.09,AU,1699214645
206,kapuskasing,49.4169,-82.4331,-2.25,49,100,1.01,CA,1699214908
207,quatre cocos,-20.2078,57.7625,22.83,80,53,4.16,MU,1699214908
208,utrik,11.2278,169.8474,27.97,78,25,10.08,MH,1699214908
209,sinop,41.7711,34.8709,17.56,52,100,3.89,TR,1699214908
210,mount pearl,47.5166,-52.7813,8.86,97,100,3.6,CA,1699214908
211,freetown,8.484,-13.2299,26.55,84,87,2.57,SL,1699214908
212,ca mau,9.1769,105.15,24.91,93,25,1.95,VN,1699214909
213,haiku-pauwela,20.9219,-156.3051,28.01,51,20,9.77,US,1699214909
214,ahus,55.9167,14.2833,9.64,97,100,1.03,SE,1699214909
215,zaozersk,69.4005,32.4476,-0.16,99,100,4.77,RU,1699214909
216,tarfaya,27.9358,-12.9218,21.85,83,71,5.97,MA,1699214909
217,badger,64.8,-147.5333,-5.86,75,100,3.09,US,1699214909
218,baiyin,36.5583,104.2081,-0.22,56,0,2.24,CN,1699214910
219,tromso,69.6496,18.957,-0.99,80,0,1.54,NO,1699214910
220,majene,-3.5403,118.9707,26.69,83,57,2.26,ID,1699214910
221,miracema do tocantins,-9.5618,-48.3967,32.56,49,100,2.06,BR,1699214910
222,alaghsas,17.0187,8.0168,28.47,13,0,4.27,NE,1699214910
223,vadso,70.0744,29.7487,0.09,93,75,7.72,NO,1699214911
224,port blair,11.6667,92.75,27.45,81,99,2.92,IN,1699214911
225,arraial do cabo,-22.9661,-42.0278,23.92,64,0,10.29,BR,1699214911
226,kilimatinde,-5.85,34.95,23.03,57,67,2.37,TZ,1699214911
227,sibu,2.3,111.8167,23.79,98,99,0.68,MY,1699214911
228,hadibu,12.65,54.0333,26.6,79,46,2.92,YE,1699214911
229,port shepstone,-30.7414,30.455,20.38,91,100,2.8,ZA,1699214912
230,black point,-34.6187,137.8972,13.99,77,23,3.83,AU,1699214912
231,alesund,62.4723,6.1549,8.08,64,40,4.12,NO,1699214912
232,broome,42.2506,-75.833,10.25,71,100,5.14,US,1699214912
233,college,64.8569,-147.8028,-5.82,73,100,3.09,US,1699214913
234,kittila,67.6647,24.8936,-0.77,100,100,1.03,FI,1699214913
235,gaigeturi,33.4644,126.3183,23.03,83,100,8.75,KR,1699214913
236,pacasmayo,-7.4006,-79.5714,21.55,73,16,6.29,PE,1699214913
237,phan rang-thap cham,11.5667,108.9833,24.15,91,100,1.99,VN,1699214913
238,asha,54.9973,57.2722,3.43,62,0,1.34,RU,1699214914
239,kapa'a,22.0752,-159.319,28.99,69,75,6.17,US,1699214915
240,laguna,38.421,-121.4238,23.38,68,20,3.6,US,1699214915
241,ifakara,-8.1333,36.6833,23.81,88,64,1.92,TZ,1699214915
242,mount pleasant,32.7941,-79.8626,26.08,31,0,2.06,US,1699214915
243,aldinga beach,-35.2793,138.4604,17.02,56,45,1.28,AU,1699214916
244,kayangel,8.0823,134.7173,27.72,79,27,2.37,PW,1699214916
245,dalnegorsk,44.5604,135.5701,4.78,100,100,1.34,RU,1699214916
246,ingeniero guillermo n. juarez,-23.9,-61.85,36.11,18,1,4.95,AR,1699214916
247,prainha,-1.8,-53.48,34.96,39,79,1.8,BR,1699214916
248,vigan,17.5747,120.3869,25.83,85,21,2.04,PH,1699214916
249,la passe,45.5549,-0.8967,12.13,78,3,6.9,FR,1699214917
250,alice springs,-23.7,133.8833,20.75,13,7,3.6,AU,1699214917
251,dryden,49.7833,-92.7503,-1.84,80,100,5.14,CA,1699214917
252,lata,40.1629,-8.3327,11.71,95,42,1.43,PT,1699214917
253,ironwood,46.4547,-90.171,7.45,61,100,3.09,US,1699214876
254,surab,28.4914,66.2585,14.74,59,73,1.93,PK,1699214918
255,egilsstadir,65.2653,-14.3948,1.61,99,100,9.25,IS,1699214918
256,lethem,3.3803,-59.7968,37.11,31,96,3.25,GY,1699214918
257,flying fish cove,-10.4217,105.6791,25.82,83,100,3.6,CX,1699214918
258,atbasar,51.8,68.3333,-0.27,70,0,2.7,KZ,1699214918
259,vanimo,-2.6741,141.3028,25.4,90,79,1.91,PG,1699214918
260,sehore,23.2,77.0833,20.65,39,1,1.59,IN,1699214919
261,port alfred,-33.5906,26.891,17.74,83,5,2.54,ZA,1699214919
262,ntoum,0.3833,9.7833,25.14,92,99,1.26,GA,1699214919
263,margate,51.3813,1.3862,9.83,83,8,3.13,GB,1699214919
264,madinat ash shamal,26.1293,51.2009,27.74,57,0,2.99,QA,1699214919
265,sinabang,2.4803,96.3801,26.15,83,100,0.68,ID,1699214919
266,weno,7.4515,151.8468,28.62,76,94,4.74,FM,1699214920
267,kone,-21.0595,164.8658,22.09,69,78,2.1,NC,1699214920
268,hasaki,35.7333,140.8333,18.22,75,16,6.94,JP,1699214920
269,kavaratti,10.5669,72.642,27.67,75,100,3.58,IN,1699214920
270,mahina,-17.5065,-149.489,28.87,65,75,4.63,PF,1699214920
271,saint-pierre,-21.3393,55.4781,23.65,84,11,5.43,RE,1699214920
272,chamba,32.5667,76.1333,15.16,45,1,2.99,IN,1699214921
273,itaituba,-4.2761,-55.9836,36.19,37,57,1.27,BR,1699214921
274,mili,6.0815,171.735,28.45,79,100,7.65,MH,1699214921
275,okahao,-17.885,15.0667,23.43,23,74,2.21,NA,1699214921
276,aripuana,-9.1667,-60.6333,35.75,34,90,0.55,BR,1699214921
277,newman,37.3138,-121.0208,23.13,40,100,0.89,US,1699214677
278,minas de marcona,-15.2119,-75.1103,19.35,56,92,6.59,PE,1699214921
279,lasem,-6.6922,111.4527,26.48,81,92,2.23,ID,1699214922
280,kargopol',61.5071,38.9456,8.14,91,100,7.44,RU,1699214922
281,deir ez-zor,35.3359,40.1408,21.89,46,0,1.22,SY,1699214922
282,salinopolis,-0.6136,-47.3561,28.6,75,38,5.45,BR,1699214922
283,kristinestad,62.2743,21.376,4.5,99,100,2.91,FI,1699214922
284,carnarvon,-24.8667,113.6333,20.84,86,95,6.69,AU,1699214922
285,bardai,11.65,7.2333,26.8,31,73,3.96,NG,1699214922
286,rutland,43.6167,-73.0162,12.92,60,75,3.6,US,1699214815
287,song cau,13.45,109.2167,24.53,92,26,2.03,VN,1699214923
288,bathsheba,13.2167,-59.5167,26.34,94,75,1.03,BB,1699214923
289,al bayda',32.7627,21.7551,17.46,68,0,2.36,LY,1699214923
290,mar del plata,-38.0023,-57.5575,26.02,67,0,7.6,AR,1699214814
291,cove,7.221,2.3402,25.95,83,95,2.25,BJ,1699214923
292,castrovillari,39.8203,16.2123,16.13,84,43,5.07,IT,1699214923
293,sankt johann in tirol,47.5233,12.4232,7.14,91,52,1.78,AT,1699214924
294,saint-philippe,-21.3585,55.7679,21.17,87,72,5.46,RE,1699214924
295,woods creek,47.8787,-121.8985,14.4,73,100,1.34,US,1699214924
296,saint-francois,46.4154,3.9054,11.69,68,0,4.12,FR,1699214924
297,presidente epitacio,-21.7633,-52.1156,29.54,29,7,2.67,BR,1699214924
298,arteche,12.2645,125.4048,26.07,85,12,1.11,PH,1699214924
299,emerald,-23.5333,148.1667,20.19,85,86,6.36,AU,1699214924
300,island harbour,50.724,-1.2758,11.66,82,100,3.13,GB,1699214925
301,robore,-18.3333,-59.75,39.83,17,8,4.03,BO,1699214925
302,hamilton,39.1834,-84.5333,18.29,38,0,2.06,US,1699214336
303,matai,-8.3,31.5167,16.92,90,94,1.37,TZ,1699214925
304,el colomo,19.05,-104.25,30.99,67,73,3.33,MX,1699214925
305,ar ruways,24.1103,52.7306,28.14,55,0,4.13,AE,1699214925
306,grand falls-windsor,48.9332,-55.6649,8.61,82,100,4.04,CA,1699214925
307,lompoc,34.6391,-120.4579,27.79,85,100,5.81,US,1699214926
308,hammerfest,70.6634,23.6821,-0.75,80,75,5.14,NO,1699214926
309,cuito,-12.3833,16.9333,16.5,92,100,1.11,AO,1699214926
310,burumburum,11.3911,8.7234,25.84,29,6,2.57,NG,1699214926
311,antsiranana,-12.2787,49.2917,25.12,79,13,7.0,MG,1699214926
312,miesbach,47.789,11.8338,9.42,70,38,5.78,DE,1699214926
313,paris,48.8534,2.3488,11.43,83,0,6.17,FR,1699214750
314,trairi,-3.2778,-39.2689,27.53,74,17,5.6,BR,1699214658
315,acarau,-2.8856,-40.12,27.7,75,9,8.39,BR,1699214927
316,puerto baquerizo moreno,-0.9,-89.6,24.86,71,60,5.25,EC,1699214927
317,"laikit, laikit ii (dimembe)",1.4792,124.9735,22.47,88,20,1.03,ID,1699214927
318,dwarka,22.2394,68.9678,27.77,58,45,3.89,IN,1699214927
319,east london,-33.0153,27.9116,19.29,85,59,3.82,ZA,1699214927
320,santa terezinha,-29.9002,-50.0904,19.0,66,98,3.88,BR,1699214928
321,new norfolk,-42.7826,147.0587,10.72,93,39,0.85,AU,1699214928
322,cambria,35.5641,-121.0808,25.31,86,52,1.79,US,1699214928
323,fale old settlement,-9.3852,-171.2468,28.2,76,100,3.51,TK,1699214928
324,mgandu,-5.95,34.1333,20.88,63,97,3.35,TZ,1699214928
325,yelizovo,53.1873,158.3805,1.56,82,75,1.79,RU,1699214928
326,saint croix,17.7397,-64.7388,30.25,76,0,5.66,VI,1699214929
327,kurumkan,54.3,110.3,-10.49,57,100,1.79,RU,1699214929
328,pedro escobedo,20.5,-100.1333,24.01,22,0,5.14,MX,1699214929
329,san fernando,15.0286,120.6898,26.85,91,81,1.75,PH,1699214929
330,qobustan,40.0824,49.412,17.8,90,7,3.31,AZ,1699214929
331,radnevo,42.3,25.9333,16.75,63,0,4.9,BG,1699214929
332,baiti,13.745,-14.7482,32.38,40,39,2.76,SN,1699214930
333,susuman,62.7833,148.1667,-25.63,99,92,1.15,RU,1699214930
334,cockburn town,21.4612,-71.1419,28.09,70,99,4.94,TC,1699214930
335,crane,31.3974,-102.3501,24.91,31,100,4.57,US,1699214930
336,rongelap,11.1635,166.8941,28.23,72,100,8.23,MH,1699214930
337,kill devil hills,36.0307,-75.676,18.88,63,0,4.12,US,1699214930
338,tidjikja,18.5564,-11.4271,29.42,15,3,4.46,MR,1699214930
339,st. thomas,42.7736,-81.1804,12.08,63,98,3.6,CA,1699214740
340,newport,51.5877,-2.9984,10.25,89,100,7.87,GB,1699214871
341,saldanha,-33.0117,17.9442,17.03,93,37,4.95,ZA,1699214653
342,queenstown,-31.8976,26.8753,16.63,80,99,1.64,ZA,1699214931
343,forster,-32.1667,152.5167,14.65,100,99,2.77,AU,1699214931
344,richards bay,-28.783,32.0377,21.44,88,97,4.25,ZA,1699214931
345,sarkand,45.41,79.9186,4.84,53,10,1.19,KZ,1699214932
346,woolgoolga,-30.1106,153.2007,16.13,88,96,2.71,AU,1699214932
347,marsh harbour,26.5412,-77.0636,25.54,76,53,6.41,BS,1699214724
348,yarmouth,41.7057,-70.2286,16.08,66,0,5.14,US,1699214932
349,vilyuysk,63.7553,121.6247,-23.55,99,41,1.77,RU,1699214932
350,linxia chengguanzhen,35.6003,103.2064,0.4,57,0,0.33,CN,1699214932
351,yuzhno-kurilsk,44.0306,145.8556,8.54,81,92,4.86,RU,1699214932
352,hotan,37.0997,79.9269,8.53,22,0,0.51,CN,1699214933
353,buenavista del norte,28.3746,-16.861,24.72,79,43,5.78,ES,1699214933
354,kuusamo,65.9667,29.1833,-0.98,100,100,0.0,FI,1699214933
355,leh,34.1667,77.5833,0.42,32,1,1.39,IN,1699214933
356,telsiai,55.9814,22.2472,7.21,92,100,4.7,LT,1699214933
357,taoudenni,22.6783,-3.9836,31.79,9,0,3.01,ML,1699214933
358,maceio,-9.6658,-35.7353,28.69,69,0,6.17,BR,1699214692
359,slave lake,55.2834,-114.769,1.99,100,100,1.03,CA,1699214934
360,pokhara,28.2333,83.9833,15.19,65,1,2.32,NP,1699214934
361,haymana,39.4321,32.4973,14.2,67,73,4.48,TR,1699214934
362,duba,27.3513,35.6901,28.39,57,4,3.86,SA,1699214934
363,boone,39.0334,-92.3335,21.14,51,73,1.79,US,1699214729
364,merizo village,13.2658,144.6691,27.85,89,19,8.0,GU,1699214935
365,angola,-12.5,18.5,18.43,92,100,0.62,AO,1699214935
366,buala,-8.145,159.5921,26.46,85,100,1.81,SB,1699214935
367,taihecun,45.8,130.85,-4.98,94,100,5.14,CN,1699214935
368,rio de janeiro,-22.9028,-43.2075,24.97,61,75,9.77,BR,1699214690
369,arno,60.1167,18.6333,7.1,94,86,3.65,SE,1699214935
370,east ballina,-28.8667,153.5833,17.11,79,86,2.21,AU,1699214936
371,bridgewater,44.3835,-64.5155,13.79,71,100,4.12,CA,1699214727
372,cill airne,52.05,-9.5167,7.73,85,35,4.18,IE,1699214902
373,fort-shevchenko,44.5086,50.263,14.76,84,17,4.74,KZ,1699214936
374,dzhalagash,45.0833,64.6667,10.33,38,100,6.59,KZ,1699214937
375,puerto aysen,-45.4,-72.7,11.24,84,65,1.5,CL,1699214937
376,santa luzia,-19.7697,-43.8514,32.5,45,42,0.34,BR,1699214937
377,aki,33.5,133.9,21.47,91,100,5.15,JP,1699214937
378,san patricio,28.017,-97.5169,29.37,47,100,3.9,US,1699214937
379,talara,-4.5772,-81.2719,25.42,65,0,8.75,PE,1699214771
380,chagoda,59.164,35.3285,5.4,96,69,1.44,RU,1699214937
381,navalmoral de la mata,39.8916,-5.5406,10.57,78,10,4.04,ES,1699214938
382,bull savanna,17.8868,-77.5902,28.97,67,67,6.15,JM,1699214938
383,damghan,36.1683,54.348,14.02,56,8,0.62,IR,1699214938
384,huarmey,-10.0681,-78.1522,22.39,70,62,5.34,PE,1699214938
385,port saint john's,-31.6229,29.5448,19.99,91,97,2.91,ZA,1699214938
386,al jawf,29.5,38.75,23.67,46,6,4.48,SA,1699214938
387,sussex,41.1834,-74.6663,18.07,53,75,4.12,US,1699214939
388,charlottetown,46.2352,-63.1267,6.29,67,75,4.12,CA,1699214707
389,al ghayzah,16.2079,52.176,26.92,71,4,2.84,YE,1699214939
390,klyuchi,52.2667,79.1667,-4.55,94,17,1.69,RU,1699214939
391,illizi,26.4833,8.4667,26.41,11,0,4.14,DZ,1699214939
392,amahai,-3.3333,128.9167,25.37,87,82,1.67,ID,1699214939
393,el calafate,-50.3408,-72.2768,10.52,47,79,4.86,AR,1699214940
394,tomohon,1.3346,124.8392,19.52,91,99,0.3,ID,1699214940
395,ketchikan,55.3422,-131.6461,11.26,87,100,6.69,US,1699214940
396,hualien city,23.9769,121.6044,24.34,74,91,2.33,TW,1699214940
397,bhachau,23.2833,70.35,28.11,31,45,3.37,IN,1699214940
398,kaitong,44.8135,123.15,-3.36,87,100,12.43,CN,1699214941
399,usinsk,65.9939,57.5281,-3.85,96,100,6.71,RU,1699214941
400,nyaunglebin,17.95,96.7333,23.43,94,99,2.17,MM,1699214941
401,grao de murviedro,39.6417,-0.2389,17.92,54,0,1.03,ES,1699214652
402,mansa,29.9833,75.3833,20.21,23,0,1.91,IN,1699214941
403,la ligua,-32.4524,-71.2311,19.43,54,0,3.59,CL,1699214941
404,barcelos,41.5388,-8.6151,15.08,86,45,3.85,PT,1699214942
405,severnoye,56.3491,78.3619,-4.45,90,57,4.47,RU,1699214942
406,angra do heroismo,38.65,-27.2167,14.51,80,61,4.54,PT,1699214942
407,burutu,5.3509,5.5076,26.41,84,93,2.34,NG,1699214943
408,horta,38.5333,-28.6333,14.45,77,40,3.13,PT,1699214943
409,patterson,37.4716,-121.1297,23.15,60,100,1.39,US,1699214943
410,tono,39.3167,141.5333,13.24,98,93,1.28,JP,1699214943
411,wewak,-3.5534,143.6268,25.93,86,100,1.17,PG,1699214944
412,chegdomyn,51.1167,133.0167,-14.88,84,2,0.46,RU,1699214944
413,bruckmuhl,47.8833,11.9167,10.66,69,60,3.13,DE,1699214944
414,preetz,54.2333,10.2833,10.04,96,100,2.57,DE,1699214944
415,chonchi,-42.6128,-73.8092,9.51,99,100,1.4,CL,1699214945
416,naze,28.3667,129.4833,23.03,79,30,5.44,JP,1699214945
417,zyrya,40.3661,50.2917,19.05,84,7,6.73,AZ,1699214945
418,yaren,-0.5472,166.916,28.77,78,100,5.92,NR,1699214945
419,padangsidempuan,1.3667,99.2667,22.04,99,98,0.37,ID,1699214946
420,kimbe,-5.5502,150.1429,24.43,92,99,1.47,PG,1699214946
421,lupane,-18.9315,27.807,26.22,33,55,2.08,ZW,1699214946
422,glace bay,46.1969,-59.957,8.83,79,100,2.06,CA,1699214664
423,nobres,-14.7203,-56.3275,38.67,27,27,2.39,BR,1699214880
424,cerqueira cesar,-23.0356,-49.1661,26.03,40,0,3.69,BR,1699214745
425,shitanjing,39.2342,106.3439,-4.62,43,1,1.77,CN,1699214948
426,greymouth,-42.4667,171.2,10.77,75,58,4.02,NZ,1699214891
427,cam ranh,11.9214,109.1591,25.98,94,20,0.51,VN,1699214948
428,mana,5.6592,-53.7767,28.37,77,15,5.58,GF,1699214948
429,zhosaly,45.4878,64.0781,10.03,36,100,6.93,KZ,1699214948
430,skowhegan,44.7651,-69.7192,13.31,51,75,3.78,US,1699214691
431,tumut,-35.3,148.2167,10.97,83,4,1.6,AU,1699214949
432,ad dilam,23.9915,47.1627,26.23,40,5,0.86,SA,1699214949
433,jasidih,24.5167,86.65,20.82,53,1,0.33,IN,1699214949
434,rio grande,-32.035,-52.0986,23.06,66,70,3.94,BR,1699214949
435,sangmelima,2.9333,11.9833,21.11,98,100,0.57,CM,1699214950
436,cidreira,-30.1811,-50.2056,18.69,67,99,4.24,BR,1699214950
437,vernon,50.2581,-119.2691,11.45,78,83,0.89,CA,1699214950
438,progreso,21.2833,-89.6667,30.62,65,100,6.7,MX,1699214950
439,harstad,68.799,16.5293,2.31,83,74,5.81,NO,1699214950
440,singaparna,-7.3515,108.111,22.57,97,96,1.05,ID,1699214951
441,wattegama,6.7989,81.4808,23.76,94,94,0.59,LK,1699214951
442,fort st. john,56.2499,-120.8529,-0.68,98,93,1.31,CA,1699214951
443,khalkhal,37.6189,48.5258,8.89,61,0,1.75,IR,1699214952
444,stanwood,48.2412,-122.3707,15.2,76,20,5.66,US,1699214952
445,khorixas,-20.3667,14.9667,19.28,28,5,5.04,NA,1699214952
446,khandyga,62.6667,135.6,-20.99,100,100,0.43,RU,1699214952
447,kununurra,-15.7667,128.7333,23.99,88,70,1.54,AU,1699214953
448,manadhoo,5.7667,73.3833,27.65,72,94,2.65,MV,1699214953
449,jincheng,35.5022,112.8328,3.51,31,0,9.14,CN,1699214953
450,salalah,17.0151,54.0924,27.05,78,20,1.54,OM,1699214953
451,toliara,-23.35,43.6667,24.53,81,84,2.13,MG,1699214954
452,hinton,53.4001,-117.5857,7.51,72,41,2.93,CA,1699214954
453,dunedin,-45.8742,170.5036,9.69,69,13,0.65,NZ,1699214693
454,obock,12.25,43.0833,22.16,76,6,6.65,DJ,1699214954
455,caleta de carquin,-11.0925,-77.6267,21.42,72,63,5.25,PE,1699214954
456,taroa,8.7058,171.2275,28.17,76,91,9.02,MH,1699214954
457,villa gesell,-37.2639,-56.973,21.14,54,100,6.12,AR,1699214955
458,metro,-5.1131,105.3067,24.02,90,90,1.97,ID,1699214955
459,solleftea,63.1667,17.2667,0.92,99,100,0.31,SE,1699214955
460,shashemene,7.2,38.6,14.82,95,100,1.4,ET,1699214955
461,caninde,-4.3589,-39.3117,33.83,36,14,4.51,BR,1699214956
462,buritis,-15.6178,-46.4233,33.55,39,92,0.9,BR,1699214956
463,manturovo,58.3353,44.7619,2.66,77,100,5.02,RU,1699214956
464,at taj,24.2049,23.2857,23.39,22,0,4.62,LY,1699214956
465,vorkuta,67.5,64.0,-11.37,98,93,2.81,RU,1699214956
466,uberlandia,-18.9186,-48.2772,30.66,25,10,2.62,BR,1699214957
467,carutapera,-1.195,-46.02,28.8,70,42,3.95,BR,1699214957
468,lampasas,31.2168,-98.2336,25.16,57,0,4.12,US,1699214957
469,nova sintra,14.8667,-24.7167,23.82,75,11,3.22,CV,1699214957
470,ubari,26.5921,12.7805,24.79,16,0,3.1,LY,1699214957
471,scottburgh,-30.2867,30.7532,20.5,92,100,1.49,ZA,1699214958
472,fort bragg,35.139,-79.006,24.34,30,0,3.09,US,1699214958
473,lerwick,60.1545,-1.1494,9.0,86,100,5.21,GB,1699214958
474,johnstone,55.8291,-4.5161,8.78,90,100,0.51,GB,1699214958
475,hobyo,5.3505,48.5268,27.22,78,100,2.25,SO,1699214958
476,holualoa,19.6228,-155.9522,27.15,62,20,3.09,US,1699214959
477,burang,30.25,81.1667,-0.73,63,4,0.92,CN,1699214959
478,srandakan,-7.9386,110.2506,25.02,91,100,2.24,ID,1699214959
479,kailua-kona,19.6406,-155.9956,29.22,62,20,3.09,US,1699214894
480,nantucket,41.2835,-70.0995,16.08,59,0,4.63,US,1699214948
481,kavieng,-2.5744,150.7967,27.41,78,27,1.25,PG,1699214960
482,smithers,54.7804,-127.1743,6.18,93,100,3.6,CA,1699214714
483,loreto,22.2667,-101.9667,23.87,16,31,4.64,MX,1699214960
484,saudarkrokur,65.7461,-19.6394,0.69,89,100,8.35,IS,1699214960
485,ardestan,33.3761,52.3694,15.98,57,0,0.88,IR,1699214961
486,abaete,-19.16,-45.4458,30.38,28,4,3.01,BR,1699214961
487,aoulef,26.9667,1.0833,27.64,12,0,1.11,DZ,1699214961
488,berriane,32.8265,3.7669,21.87,23,3,0.76,DZ,1699214961
489,callao,-12.0667,-77.15,21.16,68,75,5.14,PE,1699214961
490,toba,34.4833,136.85,21.72,88,55,0.89,JP,1699214961
491,gladbeck,51.5667,6.9833,11.55,86,49,7.15,DE,1699214962
492,coxen hole,16.3244,-86.5366,26.6,83,75,6.17,HN,1699214962
493,saint george's,12.0564,-61.7485,28.61,74,76,5.41,GD,1699214962
494,leticia,-4.2153,-69.9406,30.03,74,40,3.6,CO,1699214962
495,darwin,-12.4611,130.8418,27.99,78,75,1.54,AU,1699214962
496,juneau,58.3019,-134.4197,6.0,95,100,2.06,US,1699214962
497,argo,37.6333,22.7333,17.1,71,3,1.95,GR,1699214939
498,ugoofaaru,5.6667,73.0,27.62,72,100,2.56,MV,1699214963
499,west melbourne,28.0717,-80.6534,26.64,49,0,8.23,US,1699214963
500,kokopo,-4.352,152.2633,25.05,87,97,1.41,PG,1699214963
501,mccook,40.2019,-100.6257,22.25,39,0,5.14,US,1699214964
502,mitu,1.1983,-70.1733,31.06,56,50,0.09,CO,1699214964
503,flin flon,54.7682,-101.865,-1.78,86,100,4.89,CA,1699214917
504,qamdo,31.1667,97.2333,-9.13,29,3,0.77,CN,1699214964
505,klaksvik,62.2266,-6.589,8.51,88,95,4.44,FO,1699214964
506,ixtapa,20.7,-105.2,31.24,74,75,5.66,MX,1699214953
507,santa elena de uairen,4.6167,-61.1333,30.04,39,100,2.57,VE,1699214965
508,balabac,7.9868,117.0645,28.04,78,59,4.62,PH,1699214965
509,kloulklubed,7.0419,134.2556,28.42,74,100,2.46,PW,1699214965
510,malpica,43.3228,-8.8105,12.96,71,99,7.99,ES,1699214965
511,goz beida,13.95,20.55,29.48,15,5,4.3,TD,1699214966
512,leinefelde-worbis,51.3833,10.3333,9.49,78,90,10.06,DE,1699214966
513,pandan,14.0453,124.1694,26.52,87,56,2.69,PH,1699214966
514,murzuq,25.9155,13.9184,22.65,19,0,1.14,LY,1699214967
515,pangoa,-12.1167,-73.0,30.11,54,99,1.56,PE,1699214967
516,karaton,-6.3424,106.1045,23.97,91,71,0.86,ID,1699214967
517,soran,49.78,72.8506,-2.73,69,13,3.73,KZ,1699214968
518,sechura,-5.5569,-80.8222,25.81,55,71,7.87,PE,1699214808
519,new plymouth,-39.0667,174.0833,12.4,71,20,1.11,NZ,1699214738
520,tambo,-14.8,-73.9167,9.44,48,100,3.91,PE,1699214968
521,mugia,43.1041,-9.2179,13.28,71,59,9.62,ES,1699214969
522,saint cloud,45.5608,-94.1625,13.0,75,0,4.63,US,1699214893
523,souillac,-20.5167,57.5167,23.83,82,52,3.79,MU,1699214969
524,machico,32.7,-16.7667,20.4,73,40,3.09,PT,1699214969
525,lorengau,-2.0226,147.2712,26.61,84,53,1.61,PG,1699214969
526,prince rupert,54.3161,-130.3201,10.05,93,100,4.12,CA,1699214970
527,masuguru,-11.3667,38.4167,27.44,63,88,3.39,TZ,1699214671
528,barbastro,42.0356,0.1269,11.3,64,52,3.87,ES,1699214970
529,mildura,-34.2,142.15,16.7,48,100,1.28,AU,1699214938
530,sao tome,0.3365,6.7273,26.58,86,28,3.1,ST,1699214970
531,rauma,61.1272,21.5113,6.02,92,100,3.6,FI,1699214970
532,papao,-17.75,-149.55,28.82,82,10,3.68,PF,1699214971
533,media luna,20.1419,-77.435,28.39,72,96,2.33,CU,1699214971
534,novodvinsk,64.4165,40.8122,3.21,99,100,5.48,RU,1699214971
535,tsiroanomandidy,-18.7667,46.0333,21.86,73,85,3.02,MG,1699214971
536,chorbane,35.2858,10.3858,20.28,61,0,6.3,TN,1699214972
537,gwalior,26.2236,78.1792,22.13,34,0,2.64,IN,1699214972
538,griffith,41.5284,-87.4237,16.81,51,0,4.12,US,1699214972
539,hang dong,18.687,98.9194,24.0,94,0,1.03,TH,1699214972
540,sumbawa besar,-8.5,117.4333,22.62,82,41,1.77,ID,1699214972
541,hrodna,53.6884,23.8258,8.13,97,100,1.44,BY,1699214972
542,bucerias,20.75,-105.3333,31.66,74,75,5.66,MX,1699214973
543,mathba,22.2855,89.9629,21.8,75,12,2.52,BD,1699214973
544,tabou,4.423,-7.3528,25.96,86,3,2.25,CI,1699214973
545,mammoth lakes,37.6485,-118.9721,16.4,34,0,7.72,US,1699214973
546,lokhvytsya,50.3678,33.2602,10.9,79,48,5.64,UA,1699214973
547,krasnobrodskiy,54.1581,86.4486,-6.7,90,100,4.21,RU,1699214974
548,tres arroyos,-38.3739,-60.2798,26.99,28,76,7.21,AR,1699214923
549,krasnokamensk,50.0979,118.0369,-15.57,65,0,1.65,RU,1699214974
550,salym,60.0625,71.4789,-6.44,92,53,3.36,RU,1699214974
551,show low,34.2542,-110.0298,22.27,19,0,6.69,US,1699214717
552,malango,-2.9627,119.9001,17.95,81,41,1.23,ID,1699214974
553,buncrana,55.1333,-7.45,7.87,91,94,2.85,IE,1699214881
554,inyati,-19.6756,28.8469,24.59,34,34,4.37,ZW,1699214975
555,loango,-4.6719,11.8312,25.49,86,100,1.66,CG,1699214975
556,summerside,46.3959,-63.7876,5.94,65,96,5.68,CA,1699214975
557,san andres del rabanedo,42.6117,-5.6167,8.77,88,75,7.2,ES,1699214975
558,carauari,-4.8828,-66.8958,29.21,74,82,1.91,BR,1699214976
559,jeddah,21.5169,39.2192,29.92,70,0,4.12,SA,1699214775
560,karratha,-20.7377,116.8463,30.46,57,91,0.18,AU,1699214722
561,pyhajarvi,67.0701,27.2176,-0.04,99,100,1.4,FI,1699214976
562,stiens,53.2623,5.7577,11.99,85,75,7.72,NL,1699214976
563,rawson,-43.3002,-65.1023,19.98,38,97,4.73,AR,1699214976
564,las veredas,23.1388,-109.7075,29.42,53,100,4.12,MX,1699214977
